,WRIST,THUMB_CMC,THUMB_MCP,THUMB_IP,THUMB_TIP,INDEX_FINGER_MCP,INDEX_FINGER_PIP,INDEX_FINGER_DIP,INDEX_FINGER_TIP,MIDDLE_FINGER_MCP,MIDDLE_FINGER_PIP,MIDDLE_FINGER_DIP,MIDDLE_FINGER_TIP,RING_FINGER_MCP,RING_FINGER_PIP,RING_FINGER_DIP,RING_FINGER_TIP,PINKY_MCP,PINKY_PIP,PINKY_DIP,PINKY_TIP,LABEL
0,"(0.8682212233543396, 0.5896157026290894, 3.2082971301861107e-07)","(0.8884750604629517, 0.4901902377605438, -0.020635848864912987)","(0.852794885635376, 0.40696951746940613, -0.022548800334334373)","(0.7987755537033081, 0.3584907352924347, -0.019827835261821747)","(0.7521609663963318, 0.33005255460739136, -0.016493216156959534)","(0.8281527161598206, 0.43331676721572876, -0.015476896427571774)","(0.7760404944419861, 0.38651910424232483, -0.02272585593163967)","(0.746667206287384, 0.35818687081336975, -0.027177248150110245)","(0.7307963967323303, 0.3402973413467407, -0.029371192678809166)","(0.7988520860671997, 0.4758194386959076, -0.005892879795283079)","(0.7490347623825073, 0.4301837682723999, -0.008945674635469913)","(0.7246075868606567, 0.3990306258201599, -0.013117160648107529)","(0.7129719257354736, 0.37548744678497314, -0.01699715293943882)","(0.7775712013244629, 0.514732837677002, 0.001867262995801866)","(0.7331224679946899, 0.46577319502830505, -0.002722742734476924)","(0.7118565440177917, 0.43421146273612976, -0.003434574929997325)","(0.6990883350372314, 0.40910807251930237, -0.0039443993009626865)","(0.7627467513084412, 0.548520028591156, 0.008564035408198833)","(0.7253060936927795, 0.5043101906776428, 0.0033890961203724146)","(0.708928108215332, 0.4770182967185974, 0.00449084909632802)","(0.6987357139587402, 0.45695772767066956, 0.0065466961823403835)",NEGATIVE
